	CONCEPT_NAME	OMOP_CONCEPT_ID	COUNT_NOT_MISSING	PERCENTAGE_NOT_MISSING	COUNT_MISSING	PERCENTAGE_MISSING	COUNT_TOTAL	PERCENTAGE_TOTAL	COUNT_INDVS_NO_MISSING	COUNT_INDVS_MISSING	COUNT_INDVS_ALL
0	Erythrocyte distribution width [Ratio]	3002385	38115912	4.97747%	1195852	0.15616369%	39311764	5.13363692%	2600031	142704	2617834
1	Hematocrit [Volume Fraction] of Blood	3009542	32893386	4.29548%	284298	0.03712585%	33177684	4.33260088%	4046380	158692	4053212
2	Hemoglobin [Mass/volume] in Blood	3000963	32678453	4.26741%	276484	0.03610544%	32954937	4.30351284%	4046503	156617	4053017
3	MCV [Entitic volume]	3024731	32442569	4.23660%	378165	0.04938374%	32820734	4.28598757%	4048098	161563	4055119
4	MCH [Entitic mass]	3035941	32391249	4.22990%	378049	0.04936859%	32769298	4.27927065%	4046122	162073	4053170
5	Erythrocytes [#/volume] in Blood	3026361	32233249	4.20927%	568138	0.07419189%	32801387	4.28346108%	4029883	305685	4046808
6	Leukocytes [#/volume] in Blood	3010813	31725206	4.14292%	566703	0.07400450%	32291909	4.21692947%	4002724	283981	4015837
7	Platelets [#/volume] in Blood	3007461	31626024	4.12997%	347279	0.04535040%	31973303	4.17532341%	3985152	161378	3991720
8	Creatinine [Moles/volume] in Serum or Plasma	3020564	24931268	3.25572%	299927	0.03916681%	25231195	3.29488634%	3355042	153854	3361997
9	MCHC [Mass/volume]	3003338	23493060	3.06791%	302481	0.03950033%	23795541	3.10740744%	3135282	108797	3142645
10	Glomerular filtration rate/1.73 sq M.predicted [Volume Rate/Area] in Serum, Plasma or Blood by Creatinine-based formula (CKD-EPI)	40764999	22255102	2.90624%	980869	0.12808953%	23235971	3.03433442%	2134098	194376	2255051
11	Potassium [Moles/volume] in Serum or Plasma	3023103	21481229	2.80519%	648685	0.08471035%	22129914	2.88989686%	2968584	287383	2993874
12	Sodium [Moles/volume] in Serum or Plasma	3019550	21465107	2.80308%	255238	0.03333097%	21720345	2.83641215%	2961871	129478	2969694
13	C reactive protein [Mass/volume] in Serum or Plasma	3020460	15523240	2.02715%	5200347	0.67910189%	20723587	2.70624771%	2401456	1852445	3148623
14	Alanine aminotransferase [Enzymatic activity/volume] in Serum or Plasma	3006923	13559680	1.77073%	251335	0.03282129%	13811015	1.80355011%	3076030	131493	3094948
15	Neutrophils [#/volume] in Blood	3017732	11505342	1.50246%	312388	0.04079406%	11817730	1.54325140%	1151140	71522	1163818
16	Basophils [#/volume] in Blood	3006315	9461564	1.23556%	236502	0.03088428%	9698066	1.26644914%	1011523	52909	1016932
17	Eosinophils/100 leukocytes in Blood	3006504	8093354	1.05689%	90031	0.01175695%	8183385	1.06865027%	779805	16897	783349
18	Basophils/100 leukocytes in Blood	3022096	8092698	1.05681%	111036	0.01449995%	8203734	1.07130760%	777527	20187	782599
19	Monocytes [#/volume] in Blood	3001604	7488227	0.97787%	341667	0.04461754%	7829894	1.02248866%	916089	44156	923653
20	INR in Platelet poor plasma by Coagulation assay	3022217	7229919	0.94414%	394638	0.05153491%	7624557	0.99567415%	967242	55183	970151
21	Alkaline phosphatase [Enzymatic activity/volume] in Serum or Plasma	3035995	7103361	0.92761%	87531	0.01143048%	7190892	0.93904279%	1665536	46009	1671359
22	Cholesterol in LDL [Moles/volume] in Serum or Plasma	3001308	6205645	0.81038%	70667	0.00922825%	6276312	0.81960980%	2467252	56762	2476972
23	Fasting glucose [Moles/volume] in Serum or Plasma	3018251	5895240	0.76985%	55153	0.00720231%	5950393	0.77704875%	2413585	46148	2423467
24	Cholesterol [Moles/volume] in Serum or Plasma	3019900	5806515	0.75826%	48046	0.00627422%	5854561	0.76453426%	2431863	41626	2439239
25	Neutrophils [#/volume] in Blood by Automated count	3013650	5752671	0.75123%	156194	0.02039703%	5908865	0.77162570%	1151140	71522	1163818
26	Thyrotropin [Units/volume] in Serum or Plasma	3009201	5641949	0.73677%	67602	0.00882800%	5709551	0.74559772%	2193121	55085	2205062
27	Cholesterol in HDL [Moles/volume] in Serum or Plasma	3023602	5560725	0.72616%	43416	0.00566960%	5604141	0.73183246%	2384439	38605	2391317
28	Hemoglobin A1c/Hemoglobin.total in Blood	3004410	5513274	0.71997%	221885	0.02897547%	5735159	0.74894182%	1883970	93182	1891184
29	Creatinine [Moles/volume] in Urine	3009508	4626588	0.60418%	89736	0.01171843%	4716324	0.61589439%	465218	15599	469606
30	Lymphocytes [#/volume] in Blood	3019198	4415411	0.57660%	187692	0.02451029%	4603103	0.60110911%	1049294	54007	1061816
31	Triglyceride [Moles/volume] in Serum or Plasma --fasting	3048773	4291489	0.56042%	45416	0.00593078%	4336905	0.56634690%	1778003	39208	1786398
32	Erythrocyte sedimentation rate by Westergren method	3013707	4249395	0.55492%	61266	0.00800059%	4310661	0.56291975%	1669741	43709	1681028
33	Thyroxine (T4) free [Moles/volume] in Serum or Plasma	3008486	4056303	0.52970%	52471	0.00685207%	4108774	0.53655577%	1702584	39496	1711937
34	Glucose [Moles/volume] in Serum or Plasma	3013826	4044189	0.52812%	258488	0.03375538%	4302677	0.56187714%	1291352	137257	1351265
35	Bilirubin.total [Moles/volume] in Serum or Plasma	3006140	3941885	0.51476%	125691	0.01641371%	4067576	0.53117582%	1025926	60884	1040065
36	Calcium.ionized [Moles/volume] in Serum or Plasma	3021347	3696158	0.48267%	1070882	0.13984413%	4767040	0.62251728%	829118	378187	918068
37	Normoblasts [#/volume] in Blood	3021589	3663139	0.47836%	310486	0.04054568%	3973625	0.51890696%	802732	128876	844760
38	Eosinophils [#/volume] in Blood	3013115	3474588	0.45374%	70422	0.00919625%	3545010	0.46293507%	950193	37972	959259
39	Erythrocytes [#/volume] in Urine	3002582	3146314	0.41087%	112598	0.01470393%	3258912	0.42557416%	659568	36381	675692
40	Monocytes/100 leukocytes in Blood	3019069	2871644	0.37500%	30561	0.00399089%	2902205	0.37899258%	755482	16719	759132
41	Neutrophils/100 leukocytes in Blood	3018010	2738151	0.35757%	31321	0.00409014%	2769472	0.36165927%	737910	16515	741746
42	Albumin [Mass/volume] in Serum or Plasma	3024561	2498277	0.32624%	63802	0.00833176%	2562079	0.33457627%	684826	41416	695191
43	Gamma glutamyl transferase [Enzymatic activity/volume] in Serum or Plasma	3026910	2386504	0.31165%	30989	0.00404679%	2417493	0.31569510%	1103468	22400	1110784
44	Lymphocytes/100 leukocytes in Blood	3002030	2182039	0.28495%	15170	0.00198102%	2197209	0.28692870%	583041	8016	584271
45	Calcium.ionized [Moles/volume] adjusted to pH 7.4 in Serum or Plasma	3016431	2174033	0.28390%	898446	0.11732609%	3072479	0.40122828%	605401	323659	865633
46	pH of Urine	3015736	2110500	0.27561%	174626	0.02280403%	2285126	0.29840959%	871045	96437	912211
47	Oxygen [Partial pressure] in Arterial blood	3027801	2032272	0.26539%	37706	0.00492394%	2069978	0.27031388%	194952	9660	197914
48	Carbon dioxide [Partial pressure] in Arterial blood	3027946	1979976	0.25856%	92004	0.01201460%	2071980	0.27057532%	192501	13783	197972
49	Aspartate aminotransferase [Enzymatic activity/volume] in Serum or Plasma	3013721	1794957	0.23440%	51997	0.00679017%	1846954	0.24118967%	709524	28341	716842
50	Base excess in Arterial blood by calculation	3003396	1781120	0.23259%	312254	0.04077656%	2093374	0.27336911%	172118	71207	203407
51	Troponin T.cardiac [Mass/volume] in Serum or Plasma	3019800	1601689	0.20916%	457083	0.05968947%	2058772	0.26885051%	512543	300718	772845
52	Leukocytes [#/volume] in Urine	3018095	1568259	0.20480%	91070	0.01189263%	1659329	0.21668813%	659854	56019	694379
53	Prostate specific Ag [Mass/volume] in Serum or Plasma	3013603	1541826	0.20134%	132565	0.01731137%	1674391	0.21865504%	569519	52156	580108
54	Ferritin [Mass/volume] in Serum or Plasma	3001122	1519983	0.19849%	8616	0.00112514%	1528599	0.19961639%	773094	7209	774960
55	Amylase [Enzymatic activity/volume] in Serum or Plasma	3016771	1341086	0.17513%	21066	0.00275096%	1362152	0.17788044%	655467	14681	660142
56	Triglyceride [Moles/volume] in Serum or Plasma	3025839	1340831	0.17510%	3805	0.00049689%	1344636	0.17559306%	855690	3398	857725
57	Albumin [Presence] in Urine	3025987	1295843	0.16922%	1567494	0.20469560%	2863337	0.37391689%	552932	630776	987965
58	Albumin [Mass/volume] in Urine	3012516	1245478	0.16264%	531382	0.06939201%	1776860	0.23203624%	272308	150485	353934
59	Specific gravity of Urine by Refractometry	3019150	1237799	0.16164%	161220	0.02105337%	1399019	0.18269482%	469517	90941	502667
60	Prothrombin time (PT) actual/Normal	3033658	1225925	0.16009%	10764	0.00140565%	1236689	0.16149650%	432131	9013	435751
61	Calcium [Moles/volume] in Serum or Plasma	3015377	1173057	0.15319%	26627	0.00347716%	1199684	0.15666410%	479852	16810	485548
62	pH of Serum or Plasma	3018418	1173038	0.15318%	42190	0.00550950%	1215228	0.15869396%	406663	26533	416171
63	Bicarbonate [Moles/volume] standard in Arterial blood	3014218	1096155	0.14314%	2292	0.00029931%	1098447	0.14344378%	48218	661	48436
64	25-Hydroxyvitamin D3+25-Hydroxyvitamin D2 [Moles/volume] in Serum or Plasma	40771025	1095517	0.14306%	8570	0.00111914%	1104087	0.14418030%	642485	7384	644285
65	Casts [#/volume] in Urine by Automated count	3030467	1010117	0.13191%	11277	0.00147264%	1021394	0.13338160%	447005	10395	449036
66	Creatine kinase [Enzymatic activity/volume] in Serum or Plasma	3007220	1002814	0.13096%	13938	0.00182013%	1016752	0.13277541%	556250	11563	560912
67	Transferrin receptor.soluble [Mass/volume] in Serum or Plasma	3015399	981490	0.12817%	35916	0.00469019%	1017406	0.13286081%	369043	16713	377148
68	Chloride [Moles/volume] in Serum or Plasma	3014576	978995	0.12784%	2865	0.00037413%	981860	0.12821894%	185825	2385	186415
69	pH of Arterial blood	3019977	962279	0.12566%	71408	0.00932501%	1033687	0.13498691%	187567	22209	196923
70	pH of Arterial blood adjusted to patient's actual temperature	3029473	962279	0.12566%	71408	0.00932501%	1033687	0.13498691%	187567	22209	196923
71	Calcium [Moles/volume] corrected for albumin in Serum or Plasma	3020059	957876	0.12509%	107799	0.01407723%	1065675	0.13916416%	150527	20730	160426
72	Oxygen saturation in Arterial blood	3016502	955154	0.12473%	32852	0.00429007%	988006	0.12902153%	177277	11909	182195
73	Leukocytes [Presence] in Urine	3045414	918109	0.11989%	1780889	0.23256238%	2698998	0.35245622%	408121	808188	1032079
74	Phosphate [Moles/volume] in Serum or Plasma	3003458	909004	0.11870%	28360	0.00370347%	937364	0.12240831%	230094	15311	233969
75	Base excess.100% oxygenated [Moles/volume] standard in Arterial blood by calculation	43055555	890560	0.11630%	156127	0.02038828%	1046687	0.13668456%	172118	71207	203407
76	Nitrite [Presence] in Urine	3042812	889452	0.11615%	1966202	0.25676200%	2855654	0.37291358%	430548	815059	1130077
77	Natriuretic peptide.B prohormone N-Terminal [Mass/volume] in Serum or Plasma	3029187	884252	0.11547%	30263	0.00395198%	914515	0.11942451%	379058	25011	395601
78	Ketones [Presence] in Urine	3028893	861080	0.11245%	2056554	0.26856087%	2917634	0.38100742%	434541	809388	1129335
79	Osmolality of Urine	3026782	853028	0.11140%	42107	0.00549866%	895135	0.11689371%	391452	33301	403234
80	Epithelial cells [#/volume] in Urine	3000850	819810	0.10706%	39063	0.00510115%	858873	0.11215834%	387626	30504	399245
81	Glucose [Presence] in Urine	3020650	812903	0.10616%	2113187	0.27595645%	2926090	0.38211167%	383972	836836	1137042
82	Folate [Moles/volume] in Red Blood Cells	3019309	809416	0.10570%	154108	0.02012463%	963524	0.12582448%	292724	59092	299114
83	CBC panel - Blood by Automated count	40761511	797970	0.10421%	19792016	2.58459590%	20589986	2.68880105%	349867	3156825	3321087
84	Troponin I.cardiac [Mass/volume] in Serum or Plasma	3021337	754773	0.09856%	260428	0.03400872%	1015201	0.13257287%	260147	154503	369979
85	Urate [Moles/volume] in Serum or Plasma	3026493	735087	0.09599%	7643	0.00099808%	742730	0.09699148%	433729	4430	435099
86	Urea [Moles/volume] in Serum or Plasma	3020779	713005	0.09311%	16047	0.00209554%	729052	0.09520530%	142389	8466	144588
87	Sodium [Moles/volume] in Blood	3000285	679930	0.08879%	108586	0.01418001%	788516	0.10297057%	70944	12572	76638
88	Erythrocytes [Presence] in Urine	3045424	679372	0.08872%	1086658	0.14190428%	1766030	0.23062198%	310657	519685	711807
89	Bacteria identified in Urine by Culture	3026008	667892	0.08722%	5551589	0.72496981%	6219481	0.81218836%	285931	1553782	1685621
90	Potassium [Moles/volume] in Blood	3005456	662428	0.08651%	126250	0.01648671%	788678	0.10299173%	70768	13444	76912
91	Prostate Specific Ag Free/Prostate specific Ag.total in Serum or Plasma	3001784	648597	0.08470%	1091984	0.14259979%	1740581	0.22729865%	251596	278843	458211
92	Oxygen [Partial pressure] adjusted to patient's actual temperature in Arterial blood	3022803	636869	0.08317%	32637	0.00426199%	669506	0.08742932%	151357	11769	156222
93	Magnesium [Moles/volume] in Serum or Plasma	3012095	632964	0.08266%	19319	0.00252283%	652283	0.08518020%	233838	10546	237685
94	Epithelial cells.squamous [#/volume] in Urine by Automated count	3029879	589433	0.07697%	29217	0.00381538%	618650	0.08078814%	276333	23398	285476
95	Hemoglobin [Mass/volume] in Arterial blood	3002173	582368	0.07605%	61074	0.00797552%	643442	0.08402568%	96593	11439	104323
96	Methemoglobin/Hemoglobin.total in Arterial blood	3006217	580955	0.07587%	2066	0.00026979%	583021	0.07613543%	85911	1715	86850
97	Fractional oxyhemoglobin in Arterial blood	3014007	581010	0.07587%	1418	0.00018517%	582428	0.07605799%	82813	1222	83134
98	Albumin/Creatinine [Ratio] in Urine	3020682	571014	0.07457%	335326	0.04378949%	906340	0.11835695%	251385	160158	367854
99	Carboxyhemoglobin/Hemoglobin.total in Arterial blood	3028653	568753	0.07427%	1891	0.00024694%	570644	0.07451915%	84755	1627	85591
100	Oxygen capacity [Volume Fraction] in Arterial blood	40762366	542554	0.07085%	28364	0.00370399%	570918	0.07455493%	75022	9154	79211
101	Bicarbonate [Moles/volume] standard in Capillary blood	3004490	533506	0.06967%	14290	0.00186610%	547796	0.07153548%	82741	5915	84524
102	Lactate dehydrogenase [Enzymatic activity/volume] in Serum or Plasma by Lactate to pyruvate reaction	3022250	529175	0.06910%	7622	0.00099534%	536797	0.07009914%	156064	5388	157475
103	Cobalamin (Vitamin B12) [Moles/volume] in Serum or Plasma	3009035	524067	0.06844%	6299	0.00082257%	530366	0.06925933%	370007	5862	372264
104	Holo-transcobalamin II [Moles/volume] in Serum	43054903	509639	0.06655%	261348	0.03412886%	770987	0.10068150%	378027	199053	528585
105	Carbon dioxide [Partial pressure] in Capillary blood	3023024	502166	0.06558%	25766	0.00336473%	527932	0.06894148%	167155	15203	172511
106	pH of Capillary blood	3009343	496849	0.06488%	34164	0.00446140%	531013	0.06934382%	165321	18002	172089
107	Carbon dioxide [Partial pressure] in Venous blood	3021447	475688	0.06212%	17730	0.00231532%	493418	0.06443437%	178786	11187	184158
108	Reticulocytes/100 erythrocytes in Blood	3027945	471728	0.06160%	9346	0.00122047%	481074	0.06282240%	180473	6651	182882
109	Lactate [Moles/volume] in Serum or Plasma	3014111	463022	0.06047%	2629	0.00034332%	465651	0.06080834%	98582	2142	99660
110	aPTT in Platelet poor plasma by Coagulation assay	3018677	461142	0.06022%	10294	0.00134427%	471436	0.06156379%	265596	8975	269991
111	Chloride [Moles/volume] in Blood	3018572	452542	0.05910%	72244	0.00943419%	524786	0.06853065%	39823	7897	43560
112	Reticulocytes [#/volume] in Blood	3023520	444668	0.05807%	86002	0.01123081%	530670	0.06929903%	107875	19175	109235
113	Bicarbonate [Moles/volume] in Serum or Plasma	3016293	438915	0.05732%	6643	0.00086749%	445558	0.05818444%	114580	5224	115333
114	Bilirubin.conjugated [Moles/volume] in Serum or Plasma	3005772	438823	0.05730%	38254	0.00499551%	477077	0.06230044%	176981	23737	189311
115	Transferrin.carbohydrate deficient.disialo/Transferrin.total in Serum or Plasma	3003031	438438	0.05725%	11872	0.00155034%	450310	0.05880499%	284435	10353	290441
116	SARS-CoV-2 (COVID-19) RNA [Presence] in Respiratory specimen by NAA with probe detection	706163	433585	0.05662%	4931530	0.64399767%	5365115	0.70061858%	271133	2061226	2435150
117	Bicarbonate [Moles/volume] standard in Venous blood	3007628	421350	0.05502%	1744	0.00022775%	423094	0.05525092%	74514	711	74612
118	Iron [Moles/volume] in Serum or Plasma	3022948	404835	0.05287%	4497	0.00058725%	409332	0.05345377%	213384	3733	214531
119	Epithelial cells.non-squamous [#/volume] in Urine by Automated count	3030306	394711	0.05154%	24392	0.00318530%	419103	0.05472974%	203540	19748	212324
120	pH of Venous blood	3012544	389710	0.05089%	45451	0.00593535%	435161	0.05682672%	153248	24012	167235
121	Base excess in Venous blood by calculation	3002032	385557	0.05035%	106243	0.01387404%	491800	0.06422308%	150593	60180	183219
122	Base excess.100% oxygenated [Moles/volume] standard in Venous blood by calculation	43055557	385557	0.05035%	106243	0.01387404%	491800	0.06422308%	150593	60180	183219
123	Calprotectin [Mass/mass] in Stool	3048689	384953	0.05027%	40016	0.00522560%	424969	0.05549577%	198116	33460	219843
124	Base excess.100% oxygenated [Moles/volume] standard in Capillary blood by calculation	43055554	378548	0.04943%	148289	0.01936473%	526837	0.06879849%	131603	80074	172172
125	IgA [Mass/volume] in Serum or Plasma	3007164	377828	0.04934%	94474	0.01233715%	472302	0.06167688%	306360	84997	377915
126	Bacteria [Presence] in Urine	36304419	377572	0.04931%	881696	0.11513874%	1259268	0.16444504%	184377	408835	539383
127	Natriuretic peptide B [Mass/volume] in Serum or Plasma	3011960	374604	0.04892%	16268	0.00212440%	390872	0.05104312%	143844	13388	151622
128	Fibrin D-dimer FEU [Mass/volume] in Platelet poor plasma	3051714	367703	0.04802%	76660	0.01001086%	444363	0.05802839%	246809	66023	300923
129	Oxygen [Partial pressure] in Venous blood	3024354	357641	0.04670%	9885	0.00129086%	367526	0.04799441%	147580	6744	150077
130	Hemoglobin [Presence] in Urine by Test strip	3011397	353803	0.04620%	478046	0.06242698%	831849	0.10862933%	189051	205582	345328
131	Transferrin [Mass/volume] in Serum or Plasma	3004789	353212	0.04613%	7474	0.00097601%	360686	0.04710119%	185680	6202	188371
132	Parathyrin.intact goal [Mass/volume] Serum or Plasma	36303407	333249	0.04352%	3657	0.00047756%	336906	0.04399581%	110747	2690	111513
133	Creatine kinase.MB [Mass/volume] in Serum or Plasma	3005785	332766	0.04346%	5877	0.00076746%	338643	0.04422265%	146066	5162	149520
134	IgG [Mass/volume] in Serum or Plasma	3005719	332308	0.04340%	16903	0.00220733%	349211	0.04560270%	114910	9806	120021
135	Differential panel, method unspecified - Blood	42870588	330307	0.04313%	1896366	0.24764227%	2226673	0.29077634%	128665	531541	609445
136	Carcinoembryonic Ag [Mass/volume] in Serum or Plasma	3003785	328140	0.04285%	52307	0.00683066%	380447	0.04968174%	118550	28200	134583
137	Prostate Specific Ag Free [Mass/volume] in Serum or Plasma	3005013	327438	0.04276%	172868	0.02257445%	500306	0.06533386%	148340	121013	252178
138	Nitrite [Presence] in Urine by Test strip	3021601	318326	0.04157%	597310	0.07800140%	915636	0.11957089%	162322	330286	465541
139	Cholesterol in HDL/Cholesterol.total [Molar ratio] in Serum or Plasma	42868674	304958	0.03982%	354	0.00004623%	305312	0.03987002%	120331	335	120360
140	Lactate [Moles/volume] in Arterial blood	3018405	302839	0.03955%	2821	0.00036839%	305660	0.03991547%	69611	2493	70865
141	pH of Specimen	3019225	302232	0.03947%	27713	0.00361898%	329945	0.04308679%	104022	17428	110385
142	Folate [Moles/volume] in Serum or Plasma	3021960	279410	0.03649%	6640	0.00086710%	286050	0.03735464%	223503	6288	226608
143	Urinalysis macro (dipstick) panel - Urine	3037467	263008	0.03435%	3640352	0.47538557%	3903360	0.50973121%	166385	1390380	1570823
144	Urinalysis microscopic panel [#/volume] - Urine by Automated count	3029287	257054	0.03357%	1625183	0.21222908%	1882237	0.24579720%	128561	704506	784660
145	Amylase.pancreatic [Enzymatic activity/volume] in Serum or Plasma	3016417	253776	0.03314%	3832	0.00050041%	257608	0.03364046%	124875	3006	127046
146	Protein [Mass/volume] in Serum or Plasma	3020630	247579	0.03233%	4182	0.00054612%	251761	0.03287692%	103437	3188	104714
147	Tissue transglutaminase IgA Ab [Units/volume] in Serum	3019050	244898	0.03198%	325639	0.04252448%	570537	0.07450517%	208917	279284	472061
148	Oxygen [Partial pressure] in Capillary blood	3028626	244859	0.03198%	13444	0.00175562%	258303	0.03373122%	83713	5981	87082
149	Carboxyhemoglobin/Hemoglobin.total in Blood	3023081	244784	0.03197%	55291	0.00722033%	300075	0.03918614%	58275	10033	64567
150	Triiodothyronine (T3) Free [Moles/volume] in Serum or Plasma	3026989	241891	0.03159%	5924	0.00077360%	247815	0.03236162%	93093	3962	94269
151	Prealbumin [Mass/volume] in Serum or Plasma	3013742	241249	0.03150%	2235	0.00029186%	243484	0.03179604%	123020	1823	123620
152	Cortisol [Moles/volume] in Serum or Plasma	3036481	238200	0.03111%	7162	0.00093527%	245362	0.03204128%	137963	5156	139948
153	Methemoglobin/Hemoglobin.total in Blood	3007930	236001	0.03082%	56822	0.00742026%	292823	0.03823911%	54500	10118	61354
154	Blood group antibody screen [Presence] in Serum or Plasma	3001079	229555	0.02998%	3240201	0.42313073%	3469756	0.45310782%	117637	868063	954640
155	Testosterone [Moles/volume] in Serum or Plasma	3017446	227313	0.02968%	3734	0.00048761%	231047	0.03017192%	130828	3266	132248
156	Oxygen [Partial pressure] adjusted to patient's actual temperature in Venous blood	3004529	225909	0.02950%	4460	0.00058242%	230369	0.03008338%	93009	3733	94275
157	pH of Blood	3010421	221293	0.02890%	8238	0.00107578%	229531	0.02997395%	69708	6434	70605
158	Protein.monoclonal band 1 [Mass/volume] in Serum or Plasma by Electrophoresis	3029713	214398	0.02800%	14892	0.00194471%	229290	0.02994248%	30401	2171	32126
159	Gamma globulin [Mass/volume] in Serum or Plasma by Electrophoresis	3023465	209682	0.02738%	4056	0.00052966%	213738	0.02791158%	31673	1213	32431
160	Bacteria identified in Blood by Culture	3023368	203727	0.02660%	1537249	0.20074597%	1740976	0.22735023%	68630	497875	543096
161	Alpha 1 globulin [Mass/volume] in Serum or Plasma by Electrophoresis	3015322	198498	0.02592%	6099	0.00079646%	204597	0.02671787%	29527	1550	30424
162	cycloSPORINE [Mass/volume] in Blood	3010375	195020	0.02547%	9967	0.00130157%	204987	0.02676880%	5276	2768	5879
163	Carboxyhemoglobin/Hemoglobin.total in Venous blood	3010517	191222	0.02497%	2583	0.00033731%	193805	0.02530857%	81377	2253	81980
164	Oxygen [Partial pressure] in Blood	3027315	186351	0.02434%	7876	0.00102851%	194227	0.02536368%	58328	6132	59197
165	Carbon dioxide [Partial pressure] in Blood	3013290	186123	0.02431%	7928	0.00103530%	194051	0.02534069%	58296	6170	59166
166	Methemoglobin/Hemoglobin.total in Venous blood	3024889	181951	0.02376%	2365	0.00030884%	184316	0.02406942%	78330	2061	78859
167	Rheumatoid factor [Units/volume] in Serum or Plasma	3021614	175029	0.02286%	223556	0.02919369%	398585	0.05205034%	116166	130091	261829
168	Antithrombin actual/normal in Platelet poor plasma by Chromogenic method	3000515	173760	0.02269%	1952	0.00025491%	175712	0.02294584%	40353	882	40789
169	Iron saturation [Molar fraction] in Serum or Plasma	3009814	171985	0.02246%	1432	0.00018700%	173417	0.02264615%	84299	1288	84458
170	Cyclic citrullinated peptide Ab [Units/volume] in Serum	3041942	170343	0.02224%	124245	0.01622488%	294588	0.03846960%	149713	112321	253021
171	IgE [Units/volume] in Serum or Plasma	3005322	164321	0.02146%	5131	0.00067005%	169452	0.02212836%	138131	4507	141680
172	Protein [Mass/volume] in Urine	3037121	160700	0.02099%	138760	0.01812036%	299460	0.03910582%	30107	35018	68213
173	Glomerular filtration rate/1.73 sq M.predicted [Volume Rate/Area] in Serum, Plasma or Blood by Creatinine-based formula (MDRD)	46236952	154532	0.02018%	231362	0.03021306%	385894	0.05039305%	75211	86971	154203
174	Cystatin C [Mass/volume] in Serum or Plasma	3030366	141597	0.01849%	3092	0.00040378%	144689	0.01889462%	43439	1559	43877
175	IgM [Mass/volume] in Serum or Plasma	3028026	138320	0.01806%	4563	0.00059587%	142883	0.01865878%	88230	4249	90959
176	Protein.monoclonal band 2 [Mass/volume] in Serum or Plasma by Electrophoresis	3035797	137536	0.01796%	4884	0.00063779%	142420	0.01859831%	29733	1831	30890
177	Alpha 2 globulin [Mass/volume] in Serum or Plasma by Electrophoresis	3005229	132042	0.01724%	4150	0.00054194%	136192	0.01778501%	29393	1577	30317
178	Beta 2 globulin [Mass/volume] in Serum or Plasma by Electrophoresis	3043747	130996	0.01711%	3738	0.00048814%	134734	0.01759462%	29394	1502	30307
179	ABO typing	4238568	127470	0.01665%	518290	0.06768235%	645760	0.08432838%	84014	284351	354402
180	ABO and Rh group [Type] in Blood by Confirmatory method	46236098	127470	0.01665%	518290	0.06768235%	645760	0.08432838%	84014	284351	354402
181	C reactive protein [Presence] in Serum or Plasma	3000965	126925	0.01657%	76083	0.00993551%	203008	0.02651037%	81538	52197	148346
182	12 lead EKG panel	3044889	122484	0.01599%	3329759	0.43482591%	3452243	0.45082083%	86061	1462103	1524973
183	Thyrotropin [Units/volume] in Cord blood	42870560	121566	0.01588%	9167	0.00119710%	130733	0.01707214%	121545	9165	130492
184	Myelocytes/100 leukocytes in Blood	3017181	120559	0.01574%	153018	0.01998228%	273577	0.03572582%	45034	56904	96441
185	Protein.monoclonal band 3 [Mass/volume] in Serum or Plasma by Electrophoresis	3029338	116728	0.01524%	4612	0.00060227%	121340	0.01584552%	24568	1790	25685
186	Protein [Mass/time] in 24 hour Urine	3020876	115598	0.01510%	19446	0.00253941%	135044	0.01763510%	25257	5634	27281
187	Erythrocytes [#/volume] in Cerebral spinal fluid	3027475	115628	0.01510%	2906	0.00037949%	118534	0.01547909%	39206	1262	40059
188	Streptococcus.beta-hemolytic [Presence] in Throat by Organism specific culture	3024135	112284	0.01466%	842930	0.11007638%	955214	0.12473930%	86400	583045	678153
189	Choriogonadotropin [Units/volume] in Serum or Plasma	3018171	111297	0.01453%	113546	0.01482772%	224843	0.02936175%	54672	70598	113540
190	Procalcitonin [Mass/volume] in Serum or Plasma	3046279	110961	0.01449%	10092	0.00131789%	121053	0.01580805%	57850	5641	61470
191	Hemoglobin [Mass/volume] in Venous blood	3004119	110201	0.01439%	15637	0.00204200%	125838	0.01643291%	49177	5732	53127
192	Promyelocytes/100 leukocytes in Blood	3021440	109193	0.01426%	153039	0.01998503%	262232	0.03424430%	41562	56912	93051
193	Leukocytes [#/volume] in Cerebral spinal fluid	3016543	108850	0.01421%	6842	0.00089348%	115692	0.01510796%	38056	2656	40078
194	Follitropin [Units/volume] in Serum or Plasma	3023323	107751	0.01407%	3954	0.00051634%	111705	0.01458731%	85276	3287	87072
195	Hemolysis interference index of Serum or Plasma	3052851	107726	0.01407%	53982	0.00704939%	161708	0.02111709%	37855	26994	55877
196	Prolactin [Units/volume] in Serum or Plasma	3021387	107550	0.01404%	1660	0.00021678%	109210	0.01426149%	74099	1345	74588
197	Myoglobin [Mass/volume] in Serum or Plasma	3005895	105575	0.01379%	2742	0.00035807%	108317	0.01414488%	51327	2200	52756
198	Kappa light chains.free [Mass/volume] in Serum	3034860	105544	0.01378%	5156	0.00067331%	110700	0.01445607%	31869	2176	33100
199	Oxygen saturation in Capillary blood	3021901	105313	0.01375%	1613	0.00021064%	106926	0.01396323%	44282	1394	44716
200	Valproate [Moles/volume] in Serum or Plasma	3009466	105031	0.01372%	1860	0.00024289%	106891	0.01395866%	29987	1335	30359
201	Hepatitis B virus surface Ag [Presence] in Serum	3019284	102530	0.01339%	720348	0.09406866%	822878	0.10745783%	41899	264016	302934
202	Lambda light chains.free [Mass/volume] in Serum or Plasma	3047169	102413	0.01337%	8197	0.00107043%	110610	0.01444432%	30437	3772	33677
203	Cancer Ag 125 [Units/volume] in Serum or Plasma	3037551	102112	0.01333%	2211	0.00028873%	104323	0.01362331%	46644	1564	47485
204	Cancer Ag 19-9 [Units/volume] in Serum or Plasma	3022914	100398	0.01311%	14869	0.00194171%	115267	0.01505246%	42270	8487	47675
205	Coagulation factor X inhibitor [Units/volume] in Platelet poor plasma by Coagulation assay	3020427	99970	0.01305%	27408	0.00357915%	127378	0.01663401%	34727	15877	43493
206	Pregnancy associated plasma protein A [Mass/volume] in Serum or Plasma	3051741	99914	0.01305%	1189	0.00015527%	101103	0.01320282%	79230	1165	79782
207	Kappa light chains/Lambda light chains [Mass Ratio] in Serum	3007778	99147	0.01295%	8093	0.00105685%	107240	0.01400424%	29291	4223	32377
208	Kappa light chains.free/Lambda light chains.free [Mass Ratio] in Serum	3053209	99147	0.01295%	8093	0.00105685%	107240	0.01400424%	29291	4223	32377
209	Ammonium ion [Moles/volume] in Plasma	3023183	97346	0.01271%	5641	0.00073665%	102987	0.01344885%	41388	4473	43985
210	Fibrinogen [Mass/volume] in Platelet poor plasma by Coagulation assay	3016407	95027	0.01241%	3660	0.00047795%	98687	0.01288732%	40981	2287	42038
211	Tacrolimus [Mass/volume] in Blood	3026250	93779	0.01225%	5683	0.00074213%	99462	0.01298852%	3860	1535	3958
212	Vancomycin [Mass/volume] in Serum or Plasma	3005715	93359	0.01219%	9250	0.00120794%	102609	0.01339948%	18022	3646	19162
213	Angiotensin converting enzyme [Enzymatic activity/volume] in Serum or Plasma	3034780	92385	0.01206%	3934	0.00051373%	96319	0.01257809%	53330	2894	55300
214	Ethanol [Moles/volume] in Serum or Plasma	3020191	92104	0.01203%	56169	0.00733499%	148273	0.01936265%	34590	27413	58461
215	HIV 1 and 2 tests - Meaningful Use set	46235355	90489	0.01182%	510427	0.06665554%	600916	0.07847230%	70243	353299	406719
216	cloZAPine [Moles/volume] in Serum or Plasma	3000081	89841	0.01173%	9693	0.00126579%	99534	0.01299793%	10466	1943	10559
217	Coagulation factor VIII activity actual/normal in Platelet poor plasma by Coagulation assay	3019250	86917	0.01135%	3103	0.00040521%	90020	0.01175551%	37706	1751	38190
218	Thrombin time	3036489	86137	0.01125%	7886	0.00102982%	94023	0.01227826%	52281	9796	61038
219	Blasts/100 leukocytes in Blood	3025159	85038	0.01110%	152457	0.01990902%	237495	0.03101395%	31788	56454	83454
220	Bacteria identified in Isolate by Culture	3042936	83035	0.01084%	370651	0.04840250%	453686	0.05924586%	51302	217344	251492
221	Thyroperoxidase Ab [Units/volume] in Serum or Plasma	3027238	82926	0.01083%	52139	0.00680872%	135065	0.01763784%	72153	48432	118232
222	Haptoglobin [Mass/volume] in Serum or Plasma	3012336	82411	0.01076%	3624	0.00047325%	86035	0.01123512%	53263	2651	54781
223	Lutropin [Units/volume] in Serum or Plasma	3009214	80289	0.01048%	6221	0.00081239%	86510	0.01129715%	58891	5114	62058
224	Sex hormone binding globulin [Moles/volume] in Serum or Plasma	3004248	79421	0.01037%	547	0.00007143%	79968	0.01044285%	53554	498	53784
225	Nuclear Ab [Titer] in Serum	3037522	77416	0.01011%	174067	0.02273103%	251483	0.03284061%	61079	151604	210693
226	Digoxin [Moles/volume] in Serum or Plasma	3027456	75556	0.00987%	1447	0.00018896%	77003	0.01005565%	30131	2106	31321
227	Calcium [Moles/time] in 24 hour Urine	3010838	74312	0.00970%	10338	0.00135002%	84650	0.01105426%	22322	3733	23049
228	Bacteria identified in Skin by Aerobe culture	3007853	74209	0.00969%	302548	0.03950908%	376757	0.04919987%	51524	206995	245446
229	ABO and Rh group [Type] in Blood	3003694	70671	0.00923%	629058	0.08214730%	699729	0.09137607%	63301	554263	610882
230	Lysozyme [Mass/volume] in Serum or Plasma	3012110	67597	0.00883%	1508	0.00019693%	69105	0.00902427%	38500	1406	39294
231	Lithium [Moles/volume] in Serum or Plasma	3024666	67268	0.00878%	1687	0.00022030%	68955	0.00900468%	9771	1009	9820
232	Alpha 2 globulin/Protein.total [Pure mass fraction] in Serum or Plasma by Electrophoresis	43055424	66021	0.00862%	2075	0.00027097%	68096	0.00889251%	29393	1577	30317
233	Complement C3 [Mass/volume] in Serum or Plasma	3000620	65601	0.00857%	2317	0.00030257%	67918	0.00886926%	44956	2074	46275
234	Beta 1 globulin/Protein.total in Serum or Plasma by Electrophoresis	3030947	65587	0.00856%	1844	0.00024080%	67431	0.00880567%	28895	1462	29750
235	Beta 1 globulin [Mass/volume] in Serum or Plasma by Electrophoresis	3043723	65587	0.00856%	1844	0.00024080%	67431	0.00880567%	29462	1464	30317
236	Sodium [Moles/volume] in Urine	3003181	64994	0.00849%	14552	0.00190031%	79546	0.01038774%	23757	6021	28101
237	Iron/Transferrin [Ratio] in Serum or Plasma	40763571	64976	0.00849%	4201	0.00054860%	69177	0.00903367%	38649	3534	39923
238	Complement C4 [Mass/volume] in Serum or Plasma	3017766	64948	0.00848%	2330	0.00030427%	67278	0.00878569%	43945	2109	45375
239	Testosterone Free [Moles/volume] in Serum or Plasma	3018301	64538	0.00843%	5900	0.00077047%	70438	0.00919834%	43098	4412	43628
240	Chlamydia trachomatis DNA [Presence] in Urine by NAA with probe detection	3024950	61903	0.00808%	467522	0.06105267%	529425	0.06913645%	47847	293498	341098
241	Treponema pallidum Ab [Presence] in Serum	3019832	61774	0.00807%	469498	0.06131071%	531272	0.06937764%	25942	175368	197471
242	Albumin [Mass/volume] in Serum or Plasma by Electrophoresis	3028286	60512	0.00790%	1793	0.00023414%	62305	0.00813627%	25966	1367	26729
243	Albumin/Protein.total [Pure mass fraction] in Serum or Plasma by Electrophoresis	43055432	60512	0.00790%	1793	0.00023414%	62305	0.00813627%	25966	1367	26729
244	Chlamydia trachomatis DNA [Presence] in Specimen by NAA with probe detection	3006093	60148	0.00785%	267661	0.03495326%	327809	0.04280786%	44291	181282	219363
245	Oxygen content in Capillary blood by calculation	40767503	59895	0.00782%	2135	0.00027880%	62030	0.00810036%	34110	1973	39552
246	Alpha-1-Fetoprotein [Units/volume] in Serum or Plasma	3015916	58419	0.00763%	8139	0.00106285%	66558	0.00869166%	25217	5043	28393
247	Protein.monoclonal band 4 [Mass/volume] in Serum or Plasma by Electrophoresis	3029379	58220	0.00760%	2255	0.00029448%	60475	0.00789730%	24479	1722	25520
248	Protein [Mass/volume] in Cerebral spinal fluid	3019473	58098	0.00759%	2085	0.00027228%	60183	0.00785917%	44846	1859	46013
249	Mycoplasma pneumoniae IgG Ab [Units/volume] in Serum	3018387	55423	0.00724%	27782	0.00362799%	83205	0.01086556%	46354	26116	71811
250	Tissue Pathology biopsy report	40768804	54537	0.00712%	793883	0.10367144%	848420	0.11079330%	46398	545655	620701
251	Cytomegalovirus DNA [Units/volume] (viral load) in Serum or Plasma by NAA with probe detection	43055120	54550	0.00712%	165682	0.02163605%	220232	0.02875961%	6529	22559	25682
252	Iron saturation [Mass Fraction] in Serum or Plasma	3000185	54435	0.00711%	1786	0.00023323%	56221	0.00734178%	30779	1207	31206
253	Choriogonadotropin.beta subunit free [Mass/volume] in Serum or Plasma	3019145	54298	0.00709%	6229	0.00081343%	60527	0.00790409%	40217	2317	41856
254	Norclozapine [Moles/volume] in Serum or Plasma	3008832	54185	0.00708%	3025	0.00039503%	57210	0.00747093%	6521	1537	6701
255	Cancer Ag 15-3 [Units/volume] in Serum or Plasma	3006588	53327	0.00696%	1346	0.00017577%	54673	0.00713963%	18311	974	18681
256	Testosterone Free [Moles/volume] in Serum or Plasma by calculation	36032269	53326	0.00696%	3739	0.00048827%	57065	0.00745199%	35924	2920	36269
257	IgG subclass 4 [Mass/volume] in Serum	3024980	52472	0.00685%	8142	0.00106325%	60614	0.00791545%	18523	3546	21734
258	Lactate [Moles/volume] in Capillary blood	3028271	48761	0.00637%	1819	0.00023754%	50580	0.00660513%	28589	1699	29337
259	Glucose [Moles/volume] in Cerebral spinal fluid	3020044	48255	0.00630%	2992	0.00039072%	51247	0.00669223%	39377	2657	41288
260	Choriogonadotropin.beta subunit free [Moles/volume] in Serum or Plasma	3019497	47884	0.00625%	486	0.00006347%	48370	0.00631653%	38405	479	38598
261	Neisseria gonorrhoeae DNA [Presence] in Urine by NAA with probe detection	3003510	47237	0.00617%	433757	0.05664337%	480994	0.06281195%	36701	272822	304924
262	Metamyelocytes/100 leukocytes in Blood	3002179	46111	0.00602%	94069	0.01228426%	140180	0.01830580%	24237	36965	57852
263	Leukocytes [#/volume] in Synovial fluid	3000475	45925	0.00600%	3196	0.00041736%	49121	0.00641460%	32297	2969	34303
264	Carbon dioxide [Partial pressure] in Arterial cord blood	3003932	45922	0.00600%	4424	0.00057772%	50346	0.00657457%	45880	4423	50224
265	Benzodiazepines [Presence] in Urine	3000764	45441	0.00593%	267314	0.03490795%	312755	0.04084199%	24411	159142	176319
266	Fractional oxyhemoglobin in Capillary blood	3022806	45399	0.00593%	1670	0.00021808%	47069	0.00614664%	27590	1577	28247
267	Neisseria gonorrhoeae DNA [Presence] in Specimen by NAA with probe detection	3011371	45225	0.00591%	184211	0.02405571%	229436	0.02996154%	33083	127886	165046
268	Borrelia burgdorferi IgM Ab [Units/volume] in Serum	3008230	44540	0.00582%	81959	0.01070285%	126499	0.01651923%	37196	72260	107694
269	pH of Arterial cord blood	3006598	44205	0.00577%	6196	0.00080912%	50401	0.00658176%	44167	6195	50286
270	Hepatitis C virus Ab [Presence] in Serum	3017143	43970	0.00574%	263812	0.03445063%	307782	0.04019258%	34179	193356	223215
271	Oxygen [Partial pressure] in Arterial cord blood	3021706	42400	0.00554%	4291	0.00056035%	46691	0.00609728%	42364	4290	46605
272	Timothy IgE Ab [Units/volume] in Serum	3003888	41265	0.00539%	33360	0.00435641%	74625	0.00974511%	37741	31966	70786
273	Hepatitis B virus surface Ab [Presence] in Serum	3017797	40675	0.00531%	23424	0.00305889%	64099	0.00837055%	33013	20119	52096
274	European house dust mite IgE Ab [Units/volume] in Serum	3023351	40051	0.00523%	43147	0.00563447%	83198	0.01086464%	36608	41264	76940
275	Multiplex allergen panel - Serum or Plasma	36660136	39560	0.00517%	29685	0.00387650%	69245	0.00904255%	12116	26210	30586
276	Thyrotropin receptor Ab [Units/volume] in Serum	3017044	39428	0.00515%	24557	0.00320684%	63985	0.00835566%	21528	20362	37338
277	Bicarbonate [Moles/volume] standard in Arterial cord blood	3041008	37901	0.00495%	394	0.00005145%	38295	0.00500086%	37875	394	38248
278	Fetal Nuchal fold Thickness US	3005033	37406	0.00488%	2147	0.00028037%	39553	0.00516514%	31523	2034	32450
279	Insulin-like growth factor-I [Moles/volume] in Serum or Plasma	3014326	37114	0.00485%	1034	0.00013503%	38148	0.00498166%	19374	846	19667
280	Buprenorphine [Presence] in Urine by Screen method	1001926	36638	0.00478%	214093	0.02795793%	250731	0.03274241%	18243	115459	130747
281	INR in Blood by Coagulation assay	3032080	36321	0.00474%	534	0.00006973%	36855	0.00481281%	12100	558	12544
282	Cannabinoids [Presence] in Urine	3028300	35619	0.00465%	284060	0.03709477%	319679	0.04174618%	20516	164296	178512
283	Mugwort IgE Ab [Units/volume] in Serum	3008401	35265	0.00461%	38171	0.00498467%	73436	0.00958985%	32285	36697	70638
284	EKG study	3013512	34843	0.00455%	547914	0.07155089%	582757	0.07610096%	22843	192562	241201
285	Gas panel - Venous blood	3000991	34063	0.00445%	157029	0.02050607%	191092	0.02495428%	15476	55093	77366
286	Elastase.pancreatic [Mass/mass] in Stool	3000570	33771	0.00441%	10531	0.00137522%	44302	0.00578530%	25409	9556	33798
287	C peptide [Moles/volume] in Serum or Plasma --fasting	3032836	33584	0.00439%	863	0.00011270%	34447	0.00449836%	19193	402	19402
288	Fungus identified in Specimen by Culture	3000494	33331	0.00435%	174356	0.02276877%	207687	0.02712139%	28703	135315	170332
289	Hepatitis B virus core Ab [Presence] in Serum	3021879	33035	0.00431%	132331	0.01728081%	165366	0.02159478%	27573	103098	127039
290	IgG subclass 1 [Mass/volume] in Serum	3027135	32550	0.00425%	5940	0.00077569%	38490	0.00502632%	12976	2502	15250
291	Estradiol (E2) [Moles/volume] in Serum or Plasma	3026725	32095	0.00419%	6304	0.00082323%	38399	0.00501444%	23231	5348	27335
292	Hyaline casts [#/area] in Urine sediment by Automated count	3043722	31701	0.00414%	1129	0.00014743%	32830	0.00428720%	15602	999	15878
293	Pathology report gross observation	3002256	31438	0.00411%	210110	0.02743780%	241548	0.03154322%	27801	181923	206142
294	Human epididymis protein 4 [Moles/volume] in Serum or Plasma	40758310	31445	0.00411%	568	0.00007417%	32013	0.00418051%	26725	545	27056
295	IgG subclass 3 [Mass/volume] in Serum	3024139	31418	0.00410%	6862	0.00089609%	38280	0.00499890%	12496	2836	15162
296	Amphetamines [Presence] in Urine	3027944	31208	0.00408%	265829	0.03471403%	297037	0.03878941%	19279	161648	175242
297	IgG subclass 2 [Mass/volume] in Serum	3028192	31272	0.00408%	7000	0.00091411%	38272	0.00499786%	12458	2895	15161
298	CD3 cells/100 lymphocytes in Blood	1175426	30528	0.00399%	2156	0.00028155%	32684	0.00426813%	9657	1048	10149
299	Macroprolactin/Prolactin [Moles] in Serum or Plasma	3051050	30398	0.00397%	149	0.00001946%	30547	0.00398907%	20586	116	20631
300	Follitropin [Units/volume] in Serum or Plasma by Immunoassay	42529215	30302	0.00396%	569	0.00007430%	30871	0.00403138%	22938	549	23268
301	IgG [Mass/volume] in Cerebral spinal fluid	3007368	30022	0.00392%	2960	0.00038654%	32982	0.00430705%	12879	1392	14043
302	B lymphocytes [#/volume] in Blood	3000060	29744	0.00388%	1283	0.00016754%	31027	0.00405175%	12789	1068	13261
303	CD3 cells [#/volume] in Blood	3011412	29391	0.00384%	1528	0.00019954%	30919	0.00403764%	12722	1205	13238
304	Body weight Measured	3013762	29425	0.00384%	1937	0.00025295%	31362	0.00409549%	2736	501	2887
305	Enolase.neuron specific [Mass/volume] in Serum or Plasma	3028531	29207	0.00381%	563	0.00007352%	29770	0.00388760%	18324	496	18515
306	Helicobacter pylori Ab [Titer] in Serum	3027696	28685	0.00375%	29257	0.00382061%	57942	0.00756652%	26647	28440	54951
307	Mycoplasma pneumoniae IgM Ab [Presence] in Serum by Immunoassay	3010521	28563	0.00373%	58638	0.00765741%	87201	0.01138739%	25365	51988	77566
308	Protein electrophoresis panel - Serum or Plasma	3004588	28272	0.00369%	142302	0.01858291%	170574	0.02227488%	13145	68321	80078
309	Drugs identified in Urine by Screen method	3011288	28127	0.00367%	201150	0.02626774%	229277	0.02994078%	12593	87042	98573
310	Chlamydophila pneumoniae IgG Ab [Units/volume] in Serum by Immunoassay	3038769	28108	0.00367%	15800	0.00206329%	43908	0.00573385%	25258	14989	39878
311	Gliadin peptide IgA Ab [Units/volume] in Serum by Immunoassay	40766183	28010	0.00366%	18268	0.00238558%	46278	0.00604334%	27087	17579	44395
312	Borrelia burgdorferi IgG Ab [Units/volume] in Serum	3016888	27818	0.00363%	99084	0.01293916%	126902	0.01657185%	22783	86441	107904
313	Reticulocyte production index	3000012	27723	0.00362%	4488	0.00058608%	32211	0.00420636%	14005	3578	16742
314	Potassium [Moles/volume] in Urine	3016038	27444	0.00358%	820	0.00010708%	28264	0.00369093%	10298	344	10461
315	Hemoglobin [Entitic mass] in Reticulocytes	3029080	27192	0.00355%	559	0.00007300%	27751	0.00362394%	14761	476	14829
316	Cytomegalovirus IgG Ab [Units/volume] in Serum or Plasma	3010130	26942	0.00352%	18269	0.00238571%	45211	0.00590401%	21002	14283	33734
317	Opiates [Presence] in Urine	3027008	26880	0.00351%	286911	0.03746708%	313791	0.04097728%	17409	164772	177933
318	Mullerian inhibiting substance [Mass/volume] in Serum or Plasma	3047826	26764	0.00350%	2115	0.00027619%	28879	0.00377125%	22067	1753	23462
319	Hemoglobin.gastrointestinal [Presence] in Stool	3016251	26662	0.00348%	138526	0.01808981%	165188	0.02157154%	14691	62900	74525
320	Body temperature	3020891	26504	0.00346%	2085	0.00027228%	28589	0.00373337%	10034	1793	10648
321	Influenza virus A RNA [Presence] in Isolate by NAA with probe detection	3032475	26430	0.00345%	218534	0.02853788%	244964	0.03198931%	23744	154710	206003
322	Influenza virus A RNA [Presence] in Specimen by NAA with probe detection	3044938	26430	0.00345%	218534	0.02853788%	244964	0.03198931%	23744	162996	214266
323	Insulin [Units/volume] in Serum or Plasma	3016244	26209	0.00342%	796	0.00010395%	27005	0.00352652%	9364	420	9559
324	Dog dander IgE Ab [Units/volume] in Serum	3014133	26110	0.00341%	22900	0.00299046%	49010	0.00640011%	24630	22335	46761
325	Cat dander IgE Ab [Units/volume] in Serum	3023430	25761	0.00336%	23704	0.00309545%	49465	0.00645953%	24325	23074	47232
326	Corticotropin [Moles/volume] in Plasma	3035963	25721	0.00336%	2603	0.00033992%	28324	0.00369877%	18222	2013	19319
327	C reactive protein [Mass/volume] in Serum or Plasma by High sensitivity method	3010156	25613	0.00334%	2733	0.00035690%	28346	0.00370164%	16655	2453	18578
328	DNA double strand Ab [Titer] in Serum	3007916	24990	0.00326%	37185	0.00485591%	62175	0.00811930%	16147	29047	42345
329	Cocaine [Presence] in Urine	3016879	24961	0.00326%	266849	0.03484722%	291810	0.03810683%	15925	149940	162296
330	Lactate [Moles/volume] in Venous blood	3008037	24655	0.00322%	869	0.00011348%	25524	0.00333312%	13785	772	14059
331	Bile acid [Moles/volume] in Serum --fasting	3034274	24682	0.00322%	1542	0.00020137%	26224	0.00342453%	10866	1305	12524
332	Specimen collection	4070456	24359	0.00318%	6430	0.00083968%	30789	0.00402067%	10364	2280	12643
333	Protein [Mass/volume] in Pleural fluid	3003434	24277	0.00317%	1801	0.00023519%	26078	0.00340547%	18061	1565	19097
334	C reactive protein [Mass/volume] in Blood by High sensitivity method	42870365	23901	0.00312%	7478	0.00097654%	31379	0.00409771%	10841	5872	15323
335	Varicella zoster virus IgG Ab [Titer] in Serum	3003220	22815	0.00298%	6978	0.00091124%	29793	0.00389060%	20672	3311	23759
336	Calcium [Moles/volume] in Urine	3018133	22736	0.00297%	2034	0.00026562%	24770	0.00323466%	5563	783	5910
337	Sampling of female genital tract for smear	4206982	22770	0.00297%	450157	0.05878501%	472927	0.06175850%	20671	344476	392899
338	Leukocytes [#/volume] in Pleural fluid	3023199	22430	0.00293%	1466	0.00019144%	23896	0.00312053%	16593	1269	17400
339	Respiratory syncytial virus RNA [Presence] in Specimen by NAA with probe detection	3044254	22467	0.00293%	223498	0.02918611%	245965	0.03212003%	19864	168317	185470
340	CD3-CD16+CD56+ (Natural killer) cells/100 cells in Blood	3027831	22330	0.00292%	1794	0.00023427%	24124	0.00315030%	5980	685	6358
341	Methadone [Presence] in Urine by Screen method	3028707	22205	0.00290%	141321	0.01845480%	163526	0.02135450%	12489	53819	63239
342	IgA [Presence] in Serum	3045975	22122	0.00289%	87464	0.01142173%	109586	0.01431060%	21400	79172	98693
343	Erythropoietin (EPO) [Units/volume] in Serum or Plasma	3024172	22059	0.00288%	361	0.00004714%	22420	0.00292778%	18479	346	18706
344	Normetanephrine [Moles/volume] in Serum or Plasma	3026179	21489	0.00281%	363	0.00004740%	21852	0.00285360%	17905	351	18115
345	Respiratory syncytial virus RNA [Identifier] in Specimen by NAA with probe detection	3043924	21426	0.00280%	159570	0.02083790%	180996	0.02363587%	18858	120544	181939
346	carBAMazepine [Moles/volume] in Serum or Plasma	3018980	21282	0.00278%	259	0.00003382%	21541	0.00281299%	8741	199	8813
347	CD3-CD16+CD56+ (Natural killer) cells [#/volume] in Blood	3025271	21205	0.00277%	1199	0.00015657%	22404	0.00292569%	9067	895	9529
348	Mycobacterium tuberculosis stimulated gamma interferon release by CD4+ and CD8+ T-cells [Units/volume] in Blood	36304997	21113	0.00276%	43228	0.00564505%	64341	0.00840215%	19323	27282	45196
349	Egg white IgE Ab [Units/volume] in Serum	3014599	21057	0.00275%	23503	0.00306921%	44560	0.00581899%	16830	22870	39205
350	10-Hydroxycarbazepine [Moles/volume] in Serum or Plasma	3048469	21038	0.00275%	1784	0.00023297%	22822	0.00298027%	9276	936	9468
351	Protein C actual/normal in Platelet poor plasma by Coagulation assay	3020287	20897	0.00273%	551	0.00007195%	21448	0.00280085%	19561	539	19933
352	Chromogranin A [Moles/volume] in Serum or Plasma	3014702	20672	0.00270%	812	0.00010604%	21484	0.00280555%	8403	684	8592
353	Milk IgE Ab [Units/volume] in Serum	3020874	20495	0.00268%	21443	0.00280019%	41938	0.00547659%	17096	20838	37445
354	Oxygen content in Mixed venous blood	3016846	20435	0.00267%	7207	0.00094115%	27642	0.00360971%	2570	931	3420
355	Hepatitis B virus core and surface Ab and surface Ag panel - Serum	46237023	20457	0.00267%	34602	0.00451860%	55059	0.00719003%	18320	28670	44554
356	Thyroglobulin [Moles/volume] in Serum or Plasma	3007446	20280	0.00265%	19369	0.00252936%	39649	0.00517768%	5709	5397	8482
357	Gliadin peptide IgG Ab [Units/volume] in Serum by Immunoassay	40766189	20301	0.00265%	72286	0.00943967%	92587	0.01209073%	19197	68245	87501
358	Haemophilus influenzae B DNA [Presence] in Specimen by NAA with probe detection	3024794	20209	0.00264%	181788	0.02373930%	201997	0.02637834%	17735	132346	147994
359	Influenza virus B RNA [Presence] in Specimen by NAA with probe detection	3038288	20209	0.00264%	181788	0.02373930%	201997	0.02637834%	17735	132346	147994
360	Carbon dioxide [Partial pressure] in Mixed venous blood	3021513	20023	0.00261%	7215	0.00094219%	27238	0.00355695%	2526	928	3376
361	Osmolality of Serum or Plasma	3008295	19870	0.00259%	660	0.00008619%	20530	0.00268097%	15496	487	15725
362	Horse dander IgE Ab [Units/volume] in Serum	3010726	19682	0.00257%	27819	0.00363282%	47501	0.00620305%	18624	27018	45360
363	Erythrocytes [#/volume] in Synovial fluid	3010144	19191	0.00251%	5273	0.00068859%	24464	0.00319470%	13722	4446	17446
364	Salmonella sp identified in Stool by Organism specific culture	3004716	18914	0.00247%	141431	0.01846916%	160345	0.02093910%	13639	113135	128094
365	Peanut IgE Ab [Units/volume] in Serum	3012494	18827	0.00246%	10164	0.00132729%	28991	0.00378587%	15879	9724	25259
366	Alpha 1 antitrypsin [Mass/volume] in Serum or Plasma	3026285	18833	0.00246%	492	0.00006425%	19325	0.00252361%	17714	480	18111
367	Beta-2-Microglobulin [Mass/volume] in Serum or Plasma	3013201	18657	0.00244%	796	0.00010395%	19453	0.00254032%	10047	391	10193
368	Tissue transglutaminase IgG Ab [Units/volume] in Serum	3046870	18690	0.00244%	45091	0.00588833%	63781	0.00832902%	17900	41678	59364
369	Albumin [Mass/time] in Urine collected for unspecified duration	3050449	18680	0.00244%	14360	0.00187524%	33040	0.00431462%	11276	8082	14796
370	CD19 cells [#/volume] in Blood	3010503	18341	0.00240%	390	0.00005093%	18731	0.00244604%	6853	350	6964
371	Clostridioides difficile toxin genes [Presence] in Stool by NAA with probe detection	3051552	18387	0.00240%	153304	0.02001963%	171691	0.02242075%	13595	102002	112003
372	CD3+CD8+ (T8 suppressor) cells [#/volume] in Blood	3001405	18337	0.00239%	389	0.00005080%	18726	0.00244539%	6853	348	6959
373	Folate [Moles/volume] in Blood	3006270	18271	0.00239%	473	0.00006177%	18744	0.00244774%	16007	457	16307
374	Hepatitis B virus core IgM Ab [Presence] in Serum	3013527	18336	0.00239%	11937	0.00155883%	30273	0.00395328%	16576	10654	26972
375	CD3+CD4+ (T4 helper) cells [#/volume] in Blood	3028167	18340	0.00239%	387	0.00005054%	18727	0.00244552%	6853	347	6959
376	Helicobacter pylori Ag [Presence] in Stool	3013139	18084	0.00236%	101817	0.01329606%	119901	0.01565761%	15739	88905	103471
377	Renin [Units/volume] in Plasma	3011985	17663	0.00231%	622	0.00008123%	18285	0.00238780%	12682	558	12932
378	Amylase [Enzymatic activity/volume] in Urine	3017315	17456	0.00228%	375	0.00004897%	17831	0.00232851%	13877	350	14152
379	Somatotropin [Units/volume] in Serum or Plasma	3046904	17446	0.00228%	2144	0.00027998%	19590	0.00255822%	6522	1452	7513
380	Stomach Pathology biopsy report	40768797	17445	0.00228%	218699	0.02855942%	236144	0.03083753%	16466	191133	211470
381	Methotrexate [Moles/volume] in Serum or Plasma	3017115	17421	0.00227%	2955	0.00038589%	20376	0.00266086%	1580	817	1779
382	Coagulation factor V activity actual/normal in Platelet poor plasma by Coagulation assay	3005757	17311	0.00226%	428	0.00005589%	17739	0.00231650%	9298	406	9601
383	Proteinase 3 Ab [Units/volume] in Serum	3009445	17208	0.00225%	59999	0.00783514%	77207	0.01008229%	7413	48808	56841
384	Erythrocytes [#/volume] in Pleural fluid	3028308	17256	0.00225%	2970	0.00038785%	20226	0.00264127%	12857	2430	14930
385	Band form neutrophils/100 leukocytes in Blood	3004809	17096	0.00223%	1751	0.00022866%	18847	0.00246119%	15531	1457	16345
386	5-Hydroxyindoleacetate [Moles/volume] in Serum or Plasma	3030136	16724	0.00218%	291	0.00003800%	17015	0.00222195%	6930	244	7046
387	Aldosterone [Moles/volume] in Serum or Plasma	3001788	16600	0.00217%	1592	0.00020790%	18192	0.00237565%	13704	1370	14710
388	Bilirubin.conjugated [Mass/volume] in Serum or Plasma	3019676	16589	0.00217%	1270	0.00016585%	17859	0.00233217%	13777	1228	14918
389	Endomysium IgA Ab [Titer] in Serum	3020961	16641	0.00217%	129459	0.01690577%	146100	0.01907888%	13709	116346	130517
390	Lactate [Moles/volume] in Cerebral spinal fluid	3035999	16579	0.00217%	902	0.00011779%	17481	0.00228281%	13835	854	14334
391	Glucose tolerance test	4012477	16644	0.00217%	177048	0.02312031%	193692	0.02529381%	10955	121244	146817
392	Methicillin resistant Staphylococcus aureus [Presence] in Specimen by Organism specific culture	3019902	16447	0.00215%	470200	0.06140239%	486647	0.06355016%	7334	169638	178094
393	Sodium [Moles/time] in 24 hour Urine	3002079	16132	0.00211%	4310	0.00056283%	20442	0.00266948%	6865	1775	7165
394	Metanephrine [Moles/volume] in Serum or Plasma	3009340	16124	0.00211%	3894	0.00050851%	20018	0.00261411%	13688	3289	16581
395	Free Hemoglobin [Mass/volume] in Plasma	3022493	16086	0.00210%	1233	0.00016101%	17319	0.00226165%	6704	1077	7622
396	Food Allergen Mix 5 (Peanut+Cow milk+Egg white+Cod+Soybean+Wheat) IgE Ab [Presence] in Serum by Multidisk	3009176	15966	0.00208%	8996	0.00117477%	24962	0.00325973%	15335	8868	24006
397	Glucose [Moles/volume] in Pleural fluid	3036782	15929	0.00208%	1654	0.00021599%	17583	0.00229613%	12551	1469	13590
398	Eosinophil cationic protein (ECP) [Mass/volume] in Serum	3005791	15844	0.00207%	400	0.00005224%	16244	0.00212127%	11318	365	11515
399	Gas panel - Capillary blood	3022313	15676	0.00205%	305828	0.03993741%	321504	0.04198450%	5251	98736	103304
400	Bilirubin.total [Moles/volume] in Blood	40757494	15534	0.00203%	8289	0.00108244%	23823	0.00311099%	3453	2414	5128
401	Lactate dehydrogenase [Enzymatic activity/volume] in Pleural fluid by Lactate to pyruvate reaction	40763082	15568	0.00203%	1322	0.00017264%	16890	0.00220563%	12281	1195	13073
402	MCM6 gene c.-13910C>T and -13915T>G [Identifier] in Blood or Tissue by Molecular genetics method Nominal	43534045	15518	0.00203%	124663	0.01627947%	140181	0.01830593%	15088	121132	135903
403	Dehydroepiandrosterone sulfate (DHEA-S) [Moles/volume] in Serum or Plasma	3016616	15356	0.00201%	883	0.00011531%	16239	0.00212062%	12765	762	13350
404	Adenosine deaminase [Enzymatic activity/volume] in Serum or Plasma	3052649	14716	0.00192%	1262	0.00016480%	15978	0.00208653%	11237	1077	11683
405	Cell count panel - Synovial fluid	3044941	14427	0.00188%	23477	0.00306581%	37904	0.00494980%	10501	17622	27275
406	Chlamydophila pneumoniae IgA Ab [Presence] in Serum	3044802	14291	0.00187%	8149	0.00106416%	22440	0.00293039%	12814	7812	20439
407	Cardiolipin IgG Ab [Units/volume] in Serum by Immunoassay	3009041	14206	0.00186%	10414	0.00135994%	24620	0.00321507%	11913	9510	20738
408	Cardiolipin IgG Ab [Units/volume] in Serum or Plasma	3035544	14206	0.00186%	10414	0.00135994%	24620	0.00321507%	11913	9510	20738
409	Protein S Free Ag actual/normal in Platelet poor plasma by Immunoassay	3020629	14018	0.00183%	158	0.00002063%	14176	0.00185121%	12925	150	12974
410	Urea [Moles/volume] in Serum or Plasma --post dialysis	3042602	13946	0.00182%	473	0.00006177%	14419	0.00188295%	1404	301	1422
411	Chlamydophila pneumoniae IgM Ab [Presence] in Serum by Immunoassay	1175715	13823	0.00181%	29702	0.00387872%	43525	0.00568383%	12582	27618	40030
412	inFLIXimab [Mass/volume] in Serum or Plasma	3042299	13878	0.00181%	3397	0.00044361%	17275	0.00225590%	5176	1770	6079
413	Homocysteine [Moles/volume] in Serum or Plasma	3016724	13728	0.00179%	130	0.00001698%	13858	0.00180969%	11304	126	11366
414	Bilirubin fractions panel [Moles/volume] - Serum or Plasma	46235479	13443	0.00176%	192	0.00002507%	13635	0.00178056%	3770	179	3804
415	Albumin [Mass/volume] in Cerebral spinal fluid	3024474	13425	0.00175%	1279	0.00016702%	14704	0.00192016%	12570	1205	13551
416	Cobalt [Mass/volume] in Blood	3026470	13357	0.00174%	1309	0.00017094%	14666	0.00191520%	8984	1146	9351
417	Extractable nuclear Ab [Presence] in Serum	3013293	12861	0.00168%	56615	0.00739323%	69476	0.00907272%	11081	49856	60499
418	Chromium [Mass/volume] in Blood	3025577	12687	0.00166%	2733	0.00035690%	15420	0.00201366%	8414	2121	9498
419	Epstein Barr virus Ab [Presence] in Serum	3048929	12739	0.00166%	104605	0.01366014%	117344	0.01532370%	11778	89207	102910
420	Chromogranin A [Mass/volume] in Serum or Plasma	3006407	12597	0.00165%	573	0.00007483%	13170	0.00171984%	5667	474	5798
421	Streptolysin O Ab [Units/volume] in Serum or Plasma	3021236	12594	0.00164%	9547	0.00124672%	22141	0.00289134%	11606	9009	20402
422	Short blood count panel - Blood	40758558	12561	0.00164%	1032257	0.13480017%	1044818	0.13644049%	7665	407231	412891
423	Progesterone [Moles/volume] in Serum or Plasma	3005082	12374	0.00162%	805	0.00010512%	13179	0.00172102%	9720	724	10257
424	Cerebrospinal fluid IgG ratio and IgG index	4027681	12329	0.00161%	4148	0.00054168%	16477	0.00215170%	11624	3003	13494
425	Glutamate decarboxylase 65 Ab [Units/volume] in Serum	3020148	12266	0.00160%	13917	0.00181739%	26183	0.00341918%	11444	13055	24315
426	Methylenedioxymethamphetamine [Presence] in Urine by Screen method	3002148	12149	0.00159%	9182	0.00119906%	21331	0.00278557%	7113	3909	10621
427	Thyroglobulin Ab [Units/volume] in Serum or Plasma	3025547	12087	0.00158%	33733	0.00440512%	45820	0.00598353%	6333	10524	14757
428	Protein/Creatinine [Ratio] in Urine	3045462	12056	0.00157%	4597	0.00060031%	16653	0.00217468%	3628	1545	3906
429	von Willebrand factor (vWf).activity actual/normal in Platelet poor plasma by Immunoassay	40770918	11927	0.00156%	669	0.00008736%	12596	0.00164488%	7516	519	7720
430	Interleukin 2 Receptor Soluble [Units/volume] in Serum or Plasma	3007847	11738	0.00153%	165	0.00002155%	11903	0.00155439%	6201	153	6249
431	Choriogonadotropin [Units/volume] in Urine	3023511	11640	0.00152%	67454	0.00880867%	79094	0.01032871%	10287	52384	62767
432	Adenosine deaminase [Enzymatic activity/volume] in Pleural fluid	3036428	11579	0.00151%	1860	0.00024289%	13439	0.00175497%	9441	1602	10442
433	Immunohistochemistry procedure	4035726	11472	0.00150%	110260	0.01439861%	121732	0.01589671%	10178	86193	98556
434	Ceruloplasmin [Mass/volume] in Serum or Plasma	3022756	11406	0.00149%	224	0.00002925%	11630	0.00151874%	10904	219	11072
435	Acetaminophen [Moles/volume] in Serum or Plasma	3020485	11303	0.00148%	9512	0.00124215%	20815	0.00271819%	6270	7265	11567
436	Cytology report of Urine Cyto stain	3049717	11169	0.00146%	112279	0.01466227%	123448	0.01612080%	6300	46726	50714
437	HLA-B27 [Presence]	3008898	11028	0.00144%	60506	0.00790135%	71534	0.00934147%	10678	58453	68735
438	Thiamine [Moles/volume] in Blood	3006653	10919	0.00143%	602	0.00007861%	11521	0.00150450%	8914	534	9245
439	Ribonucleoprotein extractable nuclear Ab [Units/volume] in Serum	3006999	10861	0.00142%	26015	0.00339724%	36876	0.00481556%	8326	22908	30658
440	Inhibin B [Mass/volume] in Serum or Plasma	3045781	10744	0.00140%	4560	0.00059548%	15304	0.00199852%	3344	1402	4500
441	Tryptase [Mass/volume] in Serum or Plasma	3019420	10557	0.00138%	899	0.00011740%	11456	0.00149601%	7188	860	7898
442	aPTT.lupus sensitive actual/normal (normalized LA screen)	3048518	10579	0.00138%	906	0.00011831%	11485	0.00149980%	9533	883	10304
443	Aldolase [Enzymatic activity/volume] in Serum or Plasma	3027953	10507	0.00137%	1699	0.00022187%	12206	0.00159395%	7592	1539	8818
444	Trisomy 21 risk [Likelihood] in Fetus	3043238	10518	0.00137%	31163	0.00406951%	41681	0.00544303%	9805	24157	33463
445	CD4 cells/100 lymphocytes in Specimen	21494815	10254	0.00134%	557	0.00007274%	10811	0.00141178%	3189	346	3424
446	Smooth muscle Ab [Titer] in Serum	3007566	10221	0.00133%	35883	0.00468588%	46104	0.00602062%	9076	31864	39715
447	Retinol [Moles/volume] in Serum or Plasma	3013005	10200	0.00133%	301	0.00003931%	10501	0.00137130%	5708	272	5834
448	Human papilloma virus DNA [Presence] in Specimen by NAA with probe detection	3029511	10166	0.00133%	181520	0.02370430%	191686	0.02503185%	3237	71918	75570
449	OLANZapine [Moles/volume] in Serum or Plasma	3040370	10138	0.00132%	165	0.00002155%	10303	0.00134545%	5038	135	5079
450	Fetal Trisomy 21 risk [Likelihood] Based on maternal age	3049207	10108	0.00132%	32619	0.00425964%	42727	0.00557963%	9524	26476	35528
451	Myeloperoxidase IgG Ab [Units/volume] in Serum	3049804	10102	0.00132%	30544	0.00398867%	40646	0.00530787%	6315	25365	30823
452	Volume of 24 hour Urine	3012565	10028	0.00131%	488	0.00006373%	10516	0.00137326%	6097	482	6250
453	Sjogrens syndrome-A extractable nuclear Ab [Units/volume] in Serum	3023939	10021	0.00131%	22120	0.00288860%	32141	0.00419722%	7914	19617	27047
454	Base excess in Arterial cord blood by calculation	3004959	9940	0.00130%	40333	0.00526700%	50273	0.00656504%	9930	40285	50202
455	Beta 2 glycoprotein 1 IgG Ab [Units/volume] in Serum or Plasma by Immunoassay	3044355	9952	0.00130%	13469	0.00175889%	23421	0.00305850%	8341	12095	19715
456	Norovirus RNA [Presence] in Stool by NAA with probe detection	3008909	9906	0.00129%	112110	0.01464020%	122016	0.01593380%	4529	45603	49177
457	Mycoplasma pneumoniae Ab [Titer] in Serum	3026395	9869	0.00129%	78301	0.01022516%	88170	0.01151393%	8426	68651	77231
458	Mycoplasma pneumoniae Ab [Presence] in Serum by Immunoassay	3027545	9869	0.00129%	78301	0.01022516%	88170	0.01151393%	8426	68643	77223
459	Bacteria identified in Stool by Culture	3025941	9794	0.00128%	126050	0.01646059%	135844	0.01773957%	8966	112179	120661
460	Peanut recombinant (rAra h) 2 IgE Ab [Units/volume] in Serum	40761872	9823	0.00128%	5669	0.00074030%	15492	0.00202307%	8086	5169	13007
461	CD3+CD4+ (T4 helper) cells/CD3+CD8+ (T8 suppressor cells) cells [# Ratio] in Blood	40757349	9743	0.00127%	551	0.00007195%	10294	0.00134427%	3071	476	3237
462	Phenytoin [Moles/volume] in Serum or Plasma	3019779	9498	0.00124%	372	0.00004858%	9870	0.00128890%	3663	142	3711
463	pH of Pleural fluid	3035880	9473	0.00124%	1351	0.00017642%	10824	0.00141348%	7715	1210	8627
464	Epstein Barr virus DNA [Units/volume] (viral load) in Serum or Plasma by NAA with probe detection	3043849	9533	0.00124%	36945	0.00482457%	46478	0.00606946%	4436	16181	19104
465	Bacteria identified based on 16S rRNA gene [Identifier] in Specimen by Sequencing	40769539	9288	0.00121%	23356	0.00305001%	32644	0.00426291%	5849	17333	24092
466	HIV 1 RNA [Units/volume] (viral load) in Serum or Plasma by Probe with amplification	3013180	9102	0.00119%	25939	0.00338732%	35041	0.00457593%	2975	6393	7246
467	Phosphate [Moles/volume] in Urine	3022229	9112	0.00119%	1122	0.00014652%	10234	0.00133644%	2076	407	2245
468	Zinc [Moles/volume] in Serum or Plasma	3020717	8843	0.00115%	289	0.00003774%	9132	0.00119253%	7543	284	7696
469	Cortisol [Moles/volume] in Saliva (oral fluid)	3039429	8778	0.00115%	1139	0.00014874%	9917	0.00129504%	5786	1013	6420
470	Bordetella pertussis IgG Ab [Presence] in Serum	3007732	8594	0.00112%	7906	0.00103243%	16500	0.00215470%	8067	7642	15652
471	Bordetella pertussis IgG Ab [Units/volume] in Serum	3026048	8594	0.00112%	7906	0.00103243%	16500	0.00215470%	8067	7642	15652
472	Oxygen content in Arterial blood by calculation	40762365	8559	0.00112%	687	0.00008971%	9246	0.00120741%	3092	605	3335
473	Smith extractable nuclear Ab [Units/volume] in Serum	3016921	8420	0.00110%	28408	0.00370974%	36828	0.00480929%	6813	24673	30692
474	Protein S actual/normal in Platelet poor plasma by Coagulation assay	3036669	8394	0.00110%	365	0.00004766%	8759	0.00114382%	8052	362	8317
475	Procollagen type I.N-terminal propeptide [Mass/volume] in Serum	3049714	8448	0.00110%	295	0.00003852%	8743	0.00114173%	4618	259	4740
476	Choriogonadotropin (pregnancy test) [Presence] in Serum or Plasma	3003191	8247	0.00108%	37748	0.00492943%	45995	0.00600639%	4297	27194	32311
477	CD3+CD4+ (T4 helper) cells/100 cells in Blood	3014037	8186	0.00107%	8044	0.00105045%	16230	0.00211944%	4479	4250	7856
478	von Willebrand factor (vWf) Ag actual/normal in Platelet poor plasma by Immunoassay	3036035	8196	0.00107%	326	0.00004257%	8522	0.00111287%	4914	289	5092
479	CD3+CD4+ (T4 helper) cells/CD3+CD8+ (T8 suppressor cells) cells [# Ratio] in Specimen	3020073	8144	0.00106%	446	0.00005824%	8590	0.00112175%	3784	409	3979
480	CD19 cells/100 cells in Blood	3016228	8067	0.00105%	351	0.00004584%	8418	0.00109929%	3715	317	3822
481	lamoTRIgine [Moles/volume] in Serum or Plasma	3037826	8027	0.00105%	370	0.00004832%	8397	0.00109655%	3942	314	4094
482	Ovomucoid IgE Ab [Units/volume] in Serum	3003633	7935	0.00104%	3158	0.00041240%	11093	0.00144861%	5452	2989	8247
483	Collection duration of Urine	3016750	7913	0.00103%	781	0.00010199%	8694	0.00113533%	4573	775	5085
484	Mycobacterium sp identified in Sputum by Organism specific culture	3027544	7794	0.00102%	25560	0.00333782%	33354	0.00435563%	2482	7710	9758
485	Collagen crosslinked N-telopeptide [Moles/volume] in Urine	3014038	7744	0.00101%	460	0.00006007%	8204	0.00107134%	4125	361	4293
486	Thymidine kinase [Enzymatic activity/volume] in Serum	3045066	7690	0.00100%	679	0.00008867%	8369	0.00109289%	4386	543	4674
487	Streptococcus sp identified in Isolate by Organism specific culture	3042975	7546	0.00099%	23095	0.00301593%	30641	0.00400134%	6909	20355	53595
488	Androstenedione [Moles/volume] in Serum or Plasma	3022411	7389	0.00096%	450	0.00005876%	7839	0.00102368%	5426	395	5716
489	Sjogrens syndrome-B extractable nuclear Ab [Units/volume] in Serum	3027450	7349	0.00096%	32021	0.00418155%	39370	0.00514124%	6084	27396	33060
490	Immunofixation for Serum or Plasma	3037756	7258	0.00095%	36845	0.00481151%	44103	0.00575931%	4944	22618	27870
491	Procollagen type III.N-terminal propeptide [Mass/volume] in Serum	42869547	7165	0.00094%	400	0.00005224%	7565	0.00098790%	4663	346	4859
492	CD3+CD8+ (T8 suppressor) cells/100 cells in Blood	3007449	7123	0.00093%	753	0.00009833%	7876	0.00102851%	6079	642	6439
493	Cortisol [Moles/time] in 24 hour Urine	3020911	7154	0.00093%	272	0.00003552%	7426	0.00096975%	5475	261	5637
494	Spirometry for bronchospasm with prolonged evaluation after bronchodilator	4010399	7143	0.00093%	111646	0.01457961%	118789	0.01551239%	6079	86090	103487
495	Lactate [Moles/volume] in Pleural fluid	3023383	7044	0.00092%	567	0.00007404%	7611	0.00099390%	1964	178	2094
496	Varicella zoster virus IgM Ab [Presence] in Serum by Immunoassay	3012220	6950	0.00091%	19213	0.00250898%	26163	0.00341657%	3351	17388	21089
497	Glucose [Moles/volume] in Blood	3020491	6933	0.00091%	1692	0.00022095%	8625	0.00112632%	4621	1487	5870
498	Normetanephrine [Moles/time] in 24 hour Urine	3000213	6860	0.00090%	525	0.00006856%	7385	0.00096439%	6108	496	6499
499	Body weight	3025315	6911	0.00090%	456	0.00005955%	7367	0.00096204%	1946	392	1992
